1;CoolHissSound.wav
9;TimerPopup
25;passwordReminder
33;parentEmailReminder
36;Leaf3
39;Leaf2
42;Leaf1
237;errorPopup
239;Particle
246;GlassBallClip_mc
289;Card
292;Shadow_mc
498;__Packages.utils.Utils
499;__Packages.Delegate
500;__Packages.caurina.transitions.Tweener
501;__Packages.caurina.transitions.TweenListObj
502;__Packages.caurina.transitions.AuxFunctions
503;__Packages.caurina.transitions.PropertyInfoObj
504;__Packages.caurina.transitions.SpecialPropertySplitter
505;__Packages.caurina.transitions.Equations
506;__Packages.caurina.transitions.SpecialProperty
507;__Packages.caurina.transitions.SpecialPropertyModifier
508;__Packages.mx.events.EventDispatcher
509;__Packages.LSOWarningManager
510;__Packages.RegExp
