1;tribeQuidget
4;trashIcon
10;toolTipMessageAsset
17;scrollBarAsset
24;renewNowRolloverIcon
34;quizReviewInputAsset
35;quizQuidget
40;quidgetContainer
42;popupGrey
43;photosQuidget
46;pencilIcon
47;moodQuidget
48;membershipQuidget
49;medallionSummaryQuidget
50;medallionQuidget
69;mcNotRegisteredPopup
70;locationQuidget
80;generalPopup
81;friendsQuidget
92;friendDeleteConfirmPopup
95;LoadBar
107;friendContainer
128;findFriendsMsg
129;creditsQuidget
130;closetQuidget
132;buyMoreRolloverIcon
133;battlerankQuidget
135;listBg_mc
141;DropDownItemAsset
175;addFriendPopup
180;addFriendMsg
183;quidgetDeletePopup
184;loadingMessage
186;mcNextLoadingMsg
188;LoadingScreen
195;mcDropDown
271;__Packages.com.poptropica.sections.AbstractSection
272;__Packages.com.poptropica.util.Debug
273;__Packages.com.poptropica.util.EventDelegate
274;__Packages.com.poptropica.sections.friendsHub.FriendsHub
275;__Packages.com.poptropica.util.Observable
276;__Packages.com.poptropica.util.Observer
277;__Packages.com.poptropica.sections.SectionStatus
278;__Packages.com.poptropica.models.PopModel
279;__Packages.com.poptropica.models.vo.dailyPopVO.ComicHomePageVO
280;__Packages.com.poptropica.models.vo.dailyPopVO.GameIndexPageVO
281;__Packages.com.poptropica.models.vo.dailyPopVO.ChallengesVO
282;__Packages.com.poptropica.models.vo.supportClasses.VOBase
283;__Packages.JSON
284;__Packages.com.poptropica.models.vo.dailyPopVO.challenges.QuizeTypesCollectionVO
285;__Packages.com.poptropica.models.vo.dailyPopVO.challenges.QuizeTypeVO
286;__Packages.com.poptropica.models.vo.dailyPopVO.challenges.QuizesCollectionHolder
287;__Packages.com.poptropica.models.vo.dailyPopVO.challenges.QuizesCollectionVO
288;__Packages.com.poptropica.models.vo.dailyPopVO.challenges.QuizeCollectionVOParser
289;__Packages.com.poptropica.models.vo.dailyPopVO.challenges.QuizeVO
290;__Packages.com.poptropica.models.vo.dailyPopVO.challenges.QuizesResultCollectionVOParser
291;__Packages.com.poptropica.models.vo.dailyPopVO.challenges.QuizeResultVO
292;__Packages.com.poptropica.models.vo.dailyPopVO.challenges.ChallengeOfTheDayVO
293;__Packages.com.poptropica.models.vo.dailyPopVO.challenges.UserChallengesResultVO
294;__Packages.com.poptropica.models.vo.ComicViewerVO
295;__Packages.com.poptropica.models.vo.profile.StatusVO
296;__Packages.com.poptropica.models.vo.profile.StatusItemVO
297;__Packages.com.poptropica.models.vo.profile.PrivacyVO
298;__Packages.com.poptropica.models.vo.profile.PrivacyItemVO
299;__Packages.com.poptropica.models.vo.badges.AlbumsVO
300;__Packages.com.poptropica.models.vo.badges.AlbumsItemVO
301;__Packages.com.poptropica.models.vo.badges.AlbumPageVO
302;__Packages.com.poptropica.models.vo.badges.SetsVO
303;__Packages.com.poptropica.models.vo.badges.BadgeVO
304;__Packages.com.poptropica.models.vo.badges.BadgeSetVO
305;__Packages.com.poptropica.models.PopModelConst
306;__Packages.com.poptropica.models.vo.PoptropicaUserVO
307;__Packages.com.poptropica.models.PopAppStates
308;__Packages.com.poptropica.models.vo.dailyPopVO.GameDetailsVO
309;__Packages.com.poptropica.models.vo.dailyPopVO.HighscoreVO
310;__Packages.com.poptropica.models.PopUpdateInfo
311;__Packages.com.poptropica.models.PopUpdateNotificationTypes
312;__Packages.com.poptropica.models.vo.rating.RatingVO
313;__Packages.com.poptropica.models.vo.rating.RatingItemVO
314;__Packages.com.poptropica.models.LSOManager
315;__Packages.utils.Utils
316;__Packages.Delegate
317;__Packages.caurina.transitions.Tweener
318;__Packages.caurina.transitions.TweenListObj
319;__Packages.caurina.transitions.AuxFunctions
320;__Packages.caurina.transitions.PropertyInfoObj
321;__Packages.caurina.transitions.SpecialPropertySplitter
322;__Packages.caurina.transitions.Equations
323;__Packages.caurina.transitions.SpecialProperty
324;__Packages.caurina.transitions.SpecialPropertyModifier
325;__Packages.mx.events.EventDispatcher
326;__Packages.com.poptropica.models.vo.AdvertisementVO
327;__Packages.com.poptropica.models.AdCampaignType
328;__Packages.com.poptropica.mvc.IController
329;__Packages.com.poptropica.mvc.IView
330;__Packages.com.poptropica.mvc.AbstractController
331;__Packages.com.poptropica.controllers.PopController
332;__Packages.com.poptropica.controllers.commands.CommandDispatcher
333;__Packages.com.poptropica.controllers.commands.GetConfigXMLCommand
334;__Packages.com.poptropica.util.PopUtils
335;__Packages.com.poptropica.models.vo.IslandVO
336;__Packages.com.poptropica.controllers.events.CommandEvent
337;__Packages.com.poptropica.controllers.commands.GetPrefixCommand
338;__Packages.com.poptropica.models.proxy.supportClasses.ProxyBase
339;__Packages.com.poptropica.models.proxy.profile.StatusProxy
340;__Packages.com.poptropica.models.proxy.profile.PrivacyProxy
341;__Packages.com.poptropica.models.proxy.badges.AlbumsProxy
342;__Packages.com.poptropica.models.proxy.badges.AlbumPageProxy
343;__Packages.com.poptropica.models.proxy.badges.BadgeSetProxy
344;__Packages.com.poptropica.models.proxy.dailyPop.MarkCreatorClipsViewed
345;__Packages.com.poptropica.models.proxy.dailyPop.GameDetailsProxy
346;__Packages.com.poptropica.models.proxy.dailyPop.GamesProxy
347;__Packages.com.poptropica.models.proxy.dailyPop.challenges.QuizeTypesProxy
348;__Packages.com.poptropica.models.proxy.dailyPop.challenges.ChallengeOfTheDayProxy
349;__Packages.com.poptropica.controllers.commands.dailyPop.challenges.GetQuizesCommand
350;__Packages.com.poptropica.models.proxy.dailyPop.challenges.GetQuizesProxy
351;__Packages.com.poptropica.models.proxy.dailyPop.challenges.QuizResultProxy
352;__Packages.com.poptropica.models.proxy.dailyPop.challenges.SubmitQuizProxy
353;__Packages.com.poptropica.controllers.commands.dailyPop.challenges.GetUCRCommand
354;__Packages.com.poptropica.models.proxy.dailyPop.challenges.GetUserChallengeResultProxy
355;__Packages.com.poptropica.models.proxy.dailyPop.challenges.SetUserChallengeResultProxy
356;__Packages.com.poptropica.models.proxy.rating.UserRatingProxy
357;__Packages.com.poptropica.models.proxy.rating.ItemsRatingsProxy
358;__Packages.com.poptropica.models.proxy.rating.UserRateItemProxy
359;__Packages.com.poptropica.util.DailyPopUtils
360;__Packages.com.poptropica.models.vo.dailyPopVO.ComicVO
361;__Packages.com.poptropica.models.vo.dailyPopVO.GameVO
362;__Packages.com.poptropica.models.vo.dailyPopVO.SneakPeeksVO
363;__Packages.com.poptropica.models.proxy.dailyPop.ComicsProxy
364;__Packages.com.poptropica.models.proxy.ComicStripsProxy
365;__Packages.com.poptropica.models.proxy.dailyPop.SneakPeeksProxy
366;__Packages.com.poptropica.models.proxy.dailyPop.GetCreatorClipsProxy
367;__Packages.com.poptropica.util.ComicViewerUtil
368;__Packages.com.poptropica.models.vo.ComicStripVO
369;__Packages.com.poptropica.controllers.commands.ExtractVariablesFromGameplayCommand
370;__Packages.com.poptropica.controllers.commands.RetrofittingWorkaroundsCommand
371;__Packages.com.poptropica.controllers.AdController
372;__Packages.com.poptropica.controllers.commands.GetAdCommand
373;__Packages.utils.ArrayUtils
374;__Packages.com.poptropica.controllers.commands.GetLocalAdDataCommand
375;__Packages.com.poptropica.util.XmlLoader
376;__Packages.com.poptropica.models.proxy.PromoCodeProxy
377;__Packages.com.poptropica.models.vo.PromoCodeResponseVO
378;__Packages.com.poptropica.util.HomeUtils
379;__Packages.com.poptropica.controllers.commands.TrackCommand
380;__Packages.com.poptropica.mvc.AbstractView
381;__Packages.com.poptropica.views.PointerView
382;__Packages.com.poptropica.controllers.commands.PullVarsFromFrameworkCommand
383;__Packages.com.poptropica.controllers.commands.PassVarsToFrameworkCommand
384;__Packages.com.poptropica.sections.friendsHub.Quilt
385;__Packages.com.poptropica.components.dropDown.DropDownMenu
386;__Packages.com.poptropica.components.ScrollBarPop
387;__Packages.com.poptropica.components.dropDown.DropDownItem
388;__Packages.com.greensock.core.TweenCore
389;__Packages.com.greensock.core.SimpleTimeline
390;__Packages.com.greensock.TweenLite
391;__Packages.com.greensock.core.PropTween
392;__Packages.com.greensock.easing.Strong
393;__Packages.asLib.JSON
394;__Packages.com.poptropica.sections.friendsHub.FriendsModel
395;__Packages.com.poptropica.sections.quidget.ToolTipMessageManager
396;__Packages.com.greensock.plugins.TweenPlugin
397;__Packages.com.greensock.plugins.VisiblePlugin
398;__Packages.com.greensock.plugins.AutoAlphaPlugin
399;__Packages.com.greensock.plugins.EndArrayPlugin
400;__Packages.com.greensock.plugins.helpers.ArrayTweenInfo
401;__Packages.com.greensock.plugins.FramePlugin
402;__Packages.com.greensock.plugins.TintPlugin
403;__Packages.com.greensock.plugins.RemoveTintPlugin
404;__Packages.com.greensock.plugins.VolumePlugin
405;__Packages.com.greensock.plugins.FilterPlugin
406;__Packages.com.greensock.plugins.HexColorsPlugin
407;__Packages.com.greensock.plugins.BevelFilterPlugin
408;__Packages.com.greensock.plugins.BezierPlugin
409;__Packages.com.greensock.plugins.BezierThroughPlugin
410;__Packages.com.greensock.plugins.BlurFilterPlugin
411;__Packages.com.greensock.plugins.ColorMatrixFilterPlugin
412;__Packages.com.greensock.plugins.ColorTransformPlugin
413;__Packages.com.greensock.plugins.DropShadowFilterPlugin
414;__Packages.com.greensock.plugins.FrameLabelPlugin
415;__Packages.com.greensock.plugins.GlowFilterPlugin
416;__Packages.com.greensock.plugins.RoundPropsPlugin
417;__Packages.com.greensock.plugins.ShortRotationPlugin
418;__Packages.com.greensock.OverwriteManager
419;__Packages.com.greensock.TweenMax
420;__Packages.com.poptropica.sections.quidget.QuidgetBase
421;__Packages.com.poptropica.sections.quidget.PopupManager
422;__Packages.com.greensock.easing.Elastic
423;__Packages.com.greensock.easing.Sine
424;__Packages.com.greensock.easing.Back
425;__Packages.com.poptropica.sections.friendsHub.FriendsViewCounter
426;__Packages.com.poptropica.sections.quidget.QuidgetQuiz
427;__Packages.com.poptropica.sections.quidget.PopQuiz
428;__Packages.com.poptropica.sections.quidget.PopQuizModel
429;__Packages.com.realeyes.util.xml.TranslateXMLtoObj
430;__Packages.com.greensock.easing.Bounce
431;__Packages.com.poptropica.sections.friendsHub.FriendsMarch
432;__Packages.com.poptropica.sections.friendsHub.MultiverseView
433;__Packages.com.poptropica.sections.friendsHub.TribesView
434;__Packages.com.poptropica.views.home.welcomeBack.SaveGamePopup
435;__Packages.com.poptropica.util.CursorViewChanger
436;__Packages.com.poptropica.views.FriendsView
437;__Packages.com.poptropica.sections.quidget.QuidgetPhotos
438;__Packages.com.poptropica.sections.quidget.QuidgetMood
439;__Packages.com.poptropica.sections.quidget.QuidgetMembership
440;__Packages.com.poptropica.sections.quidget.QuidgetMedallionSummary
441;__Packages.com.poptropica.sections.quidget.MedallionSummaryDisplay
442;__Packages.com.poptropica.sections.quidget.QuidgetMedallion
443;__Packages.com.poptropica.sections.quidget.QuidgetLocation
444;__Packages.com.poptropica.sections.quidget.QuidgetFriends
445;__Packages.com.poptropica.sections.quidget.QuidgetCredits
446;__Packages.com.poptropica.sections.quidget.QuidgetCloset
447;__Packages.com.poptropica.sections.quidget.QuidgetBattleRank
448;__Packages.com.poptropica.sections.quidget.QuidgetTribe
