2;visionCone
4;flake3
5;flake2
6;flake1
502;__Packages.utils.Utils
503;__Packages.Delegate
504;__Packages.caurina.transitions.Tweener
505;__Packages.caurina.transitions.TweenListObj
506;__Packages.caurina.transitions.AuxFunctions
507;__Packages.caurina.transitions.PropertyInfoObj
508;__Packages.caurina.transitions.SpecialPropertySplitter
509;__Packages.caurina.transitions.Equations
510;__Packages.caurina.transitions.SpecialProperty
511;__Packages.caurina.transitions.SpecialPropertyModifier
512;__Packages.mx.events.EventDispatcher
513;__Packages.utils.ColorUtils
