16;LibSubNav
38;LibDailyPopSneakPeeksMC
39;mcGameContainer
58;LibDailyPopGamesMC
63;LibDailyPopComicsMC
82;LibDailyPopSlotMC
156;LibDailyPopChallengesMC
171;mcChallenge
173;mcQuizTypeItem
174;__Packages.com.poptropica.sections.AbstractSection
175;__Packages.com.poptropica.util.Debug
176;__Packages.com.poptropica.util.EventDelegate
177;__Packages.com.poptropica.sections.DailyPop
178;__Packages.com.poptropica.util.Observable
179;__Packages.com.poptropica.util.Observer
180;__Packages.com.poptropica.sections.SectionStatus
181;__Packages.com.poptropica.models.PopModel
182;__Packages.com.poptropica.models.vo.dailyPopVO.ComicHomePageVO
183;__Packages.com.poptropica.models.vo.dailyPopVO.GameIndexPageVO
184;__Packages.com.poptropica.models.vo.dailyPopVO.ChallengesVO
185;__Packages.com.poptropica.models.vo.supportClasses.VOBase
186;__Packages.JSON
187;__Packages.com.poptropica.models.vo.dailyPopVO.challenges.QuizeTypesCollectionVO
188;__Packages.com.poptropica.models.vo.dailyPopVO.challenges.QuizeTypeVO
189;__Packages.com.poptropica.models.vo.dailyPopVO.challenges.QuizesCollectionHolder
190;__Packages.com.poptropica.models.vo.dailyPopVO.challenges.QuizesCollectionVO
191;__Packages.com.poptropica.models.vo.dailyPopVO.challenges.QuizeCollectionVOParser
192;__Packages.com.poptropica.models.vo.dailyPopVO.challenges.QuizeVO
193;__Packages.com.poptropica.models.vo.dailyPopVO.challenges.QuizesResultCollectionVOParser
194;__Packages.com.poptropica.models.vo.dailyPopVO.challenges.QuizeResultVO
195;__Packages.com.poptropica.models.vo.dailyPopVO.challenges.ChallengeOfTheDayVO
196;__Packages.com.poptropica.models.vo.dailyPopVO.challenges.UserChallengesResultVO
197;__Packages.com.poptropica.models.vo.ComicViewerVO
198;__Packages.com.poptropica.models.vo.profile.StatusVO
199;__Packages.com.poptropica.models.vo.profile.StatusItemVO
200;__Packages.com.poptropica.models.vo.profile.PrivacyVO
201;__Packages.com.poptropica.models.vo.profile.PrivacyItemVO
202;__Packages.com.poptropica.models.vo.badges.AlbumsVO
203;__Packages.com.poptropica.models.vo.badges.AlbumsItemVO
204;__Packages.com.poptropica.models.vo.badges.AlbumPageVO
205;__Packages.com.poptropica.models.vo.badges.SetsVO
206;__Packages.com.poptropica.models.vo.badges.BadgeVO
207;__Packages.com.poptropica.models.vo.badges.BadgeSetVO
208;__Packages.com.poptropica.models.PopModelConst
209;__Packages.com.poptropica.models.vo.PoptropicaUserVO
210;__Packages.com.poptropica.models.PopAppStates
211;__Packages.com.poptropica.models.vo.dailyPopVO.GameDetailsVO
212;__Packages.com.poptropica.models.vo.dailyPopVO.HighscoreVO
213;__Packages.com.poptropica.models.PopUpdateInfo
214;__Packages.com.poptropica.models.PopUpdateNotificationTypes
215;__Packages.com.poptropica.models.vo.rating.RatingVO
216;__Packages.com.poptropica.models.vo.rating.RatingItemVO
217;__Packages.com.poptropica.models.LSOManager
218;__Packages.utils.Utils
219;__Packages.Delegate
220;__Packages.caurina.transitions.Tweener
221;__Packages.caurina.transitions.TweenListObj
222;__Packages.caurina.transitions.AuxFunctions
223;__Packages.caurina.transitions.PropertyInfoObj
224;__Packages.caurina.transitions.SpecialPropertySplitter
225;__Packages.caurina.transitions.Equations
226;__Packages.caurina.transitions.SpecialProperty
227;__Packages.caurina.transitions.SpecialPropertyModifier
228;__Packages.mx.events.EventDispatcher
229;__Packages.com.poptropica.models.vo.AdvertisementVO
230;__Packages.com.poptropica.models.AdCampaignType
231;__Packages.com.poptropica.mvc.IController
232;__Packages.com.poptropica.mvc.IView
233;__Packages.com.poptropica.mvc.AbstractController
234;__Packages.com.poptropica.controllers.PopController
235;__Packages.com.poptropica.controllers.commands.CommandDispatcher
236;__Packages.com.poptropica.controllers.commands.GetConfigXMLCommand
237;__Packages.com.poptropica.util.PopUtils
238;__Packages.com.poptropica.models.vo.IslandVO
239;__Packages.com.poptropica.controllers.events.CommandEvent
240;__Packages.com.poptropica.controllers.commands.GetPrefixCommand
241;__Packages.com.poptropica.models.proxy.supportClasses.ProxyBase
242;__Packages.com.poptropica.models.proxy.profile.StatusProxy
243;__Packages.com.poptropica.models.proxy.profile.PrivacyProxy
244;__Packages.com.poptropica.models.proxy.badges.AlbumsProxy
245;__Packages.com.poptropica.models.proxy.badges.AlbumPageProxy
246;__Packages.com.poptropica.models.proxy.badges.BadgeSetProxy
247;__Packages.com.poptropica.models.proxy.dailyPop.MarkCreatorClipsViewed
248;__Packages.com.poptropica.models.proxy.dailyPop.GameDetailsProxy
249;__Packages.com.poptropica.models.proxy.dailyPop.GamesProxy
250;__Packages.com.poptropica.models.proxy.dailyPop.challenges.QuizeTypesProxy
251;__Packages.com.poptropica.models.proxy.dailyPop.challenges.ChallengeOfTheDayProxy
252;__Packages.com.poptropica.controllers.commands.dailyPop.challenges.GetQuizesCommand
253;__Packages.com.poptropica.models.proxy.dailyPop.challenges.GetQuizesProxy
254;__Packages.com.poptropica.models.proxy.dailyPop.challenges.QuizResultProxy
255;__Packages.com.poptropica.models.proxy.dailyPop.challenges.SubmitQuizProxy
256;__Packages.com.poptropica.controllers.commands.dailyPop.challenges.GetUCRCommand
257;__Packages.com.poptropica.models.proxy.dailyPop.challenges.GetUserChallengeResultProxy
258;__Packages.com.poptropica.models.proxy.dailyPop.challenges.SetUserChallengeResultProxy
259;__Packages.com.poptropica.models.proxy.rating.UserRatingProxy
260;__Packages.com.poptropica.models.proxy.rating.ItemsRatingsProxy
261;__Packages.com.poptropica.models.proxy.rating.UserRateItemProxy
262;__Packages.com.poptropica.util.DailyPopUtils
263;__Packages.com.poptropica.models.vo.dailyPopVO.ComicVO
264;__Packages.com.poptropica.models.vo.dailyPopVO.GameVO
265;__Packages.com.poptropica.models.vo.dailyPopVO.SneakPeeksVO
266;__Packages.com.poptropica.models.proxy.dailyPop.ComicsProxy
267;__Packages.com.poptropica.models.proxy.ComicStripsProxy
268;__Packages.com.poptropica.models.proxy.dailyPop.SneakPeeksProxy
269;__Packages.com.poptropica.models.proxy.dailyPop.GetCreatorClipsProxy
270;__Packages.com.poptropica.util.ComicViewerUtil
271;__Packages.com.poptropica.models.vo.ComicStripVO
272;__Packages.com.poptropica.controllers.commands.ExtractVariablesFromGameplayCommand
273;__Packages.com.poptropica.controllers.commands.RetrofittingWorkaroundsCommand
274;__Packages.com.poptropica.controllers.AdController
275;__Packages.com.poptropica.controllers.commands.GetAdCommand
276;__Packages.utils.ArrayUtils
277;__Packages.com.poptropica.controllers.commands.GetLocalAdDataCommand
278;__Packages.com.poptropica.util.XmlLoader
279;__Packages.com.poptropica.models.proxy.PromoCodeProxy
280;__Packages.com.poptropica.models.vo.PromoCodeResponseVO
281;__Packages.com.poptropica.util.HomeUtils
282;__Packages.com.poptropica.controllers.commands.TrackCommand
283;__Packages.com.poptropica.mvc.AbstractView
284;__Packages.com.poptropica.views.PointerView
285;__Packages.com.poptropica.controllers.commands.PullVarsFromFrameworkCommand
286;__Packages.com.poptropica.controllers.commands.PassVarsToFrameworkCommand
287;__Packages.com.poptropica.views.DailyPopView
288;__Packages.com.poptropica.views.dailypop.DailyPopGamesView
289;__Packages.com.poptropica.views.dailypop.DailyPopGameDetails
290;__Packages.com.poptropica.views.dailypop.elements.TopScoreElement
291;__Packages.com.poptropica.util.loaders.SwfLoader
292;__Packages.com.poptropica.events.LoaderEvent
293;__Packages.com.poptropica.views.rating.Rating
294;__Packages.com.poptropica.events.RatingEvent
295;__Packages.com.poptropica.util.CursorViewChanger
296;__Packages.com.poptropica.models.proxy.dailyPop.SubmitGameProxy
297;__Packages.com.poptropica.events.trackEvents.DailypopEvent
298;__Packages.com.poptropica.views.dailypop.elements.Slot
299;__Packages.com.greensock.core.TweenCore
300;__Packages.com.greensock.core.SimpleTimeline
301;__Packages.com.greensock.TweenLite
302;__Packages.com.greensock.core.PropTween
303;__Packages.com.greensock.easing.Expo
304;__Packages.com.poptropica.views.dailypop.DailyPopSneakPeeksView
305;__Packages.com.poptropica.views.dailypop.DailyPopCreatorClipsView
306;__Packages.com.poptropica.views.dailypop.DailyPopChallengesView
307;__Packages.com.poptropica.views.dailypop.challenges.QuizesSelector
308;__Packages.com.poptropica.views.dailypop.challenges.events.ChallengesEvent
309;__Packages.com.poptropica.views.dailypop.challenges.QuizItem
310;__Packages.com.poptropica.views.dailypop.challenges.QuizesViewer
311;__Packages.com.poptropica.views.dailypop.challenges.ChallengeOfTheDayScreen
312;__Packages.com.poptropica.views.dailypop.DailyPopComicsHomeView
