14;mcNotRegisteredPopup
17;unRegFriendReqPopup
23;timerDisplay
25;IceFrame
38;lsoWarning_pending
45;lsoWarning
66;SoundBubble
73;SayClipPeanuts
78;SayClip
89;PhotoNotification
91;_mask
96;_gameBtn
109;Chat
112;_battleBubble
115;Leaf3
118;Leaf2
121;Leaf1
124;Growth
131;generalPopupNoTitle
137;generalPopup
146;LoadProgress
153;Ball
156;BtnPause
158;_sudoku
160;_dotgame
163;_skydive
165;_paintwar
168;_kidcatcher
170;_hoopshot
172;_hex
191;_boggle
193;_balloongame
196;addFriendCommonRoomIcon
197;_gameMenu
229;tribeIcon_4008
231;tribeIcon_4007
235;tribeIcon_4006
237;tribeIcon_4005
241;tribeIcon_4004
243;tribeIcon_4003
245;tribeIcon_4002
251;tribeIcon_4001
433;__Packages.utils.Utils
434;__Packages.Delegate
435;__Packages.caurina.transitions.Tweener
436;__Packages.caurina.transitions.TweenListObj
437;__Packages.caurina.transitions.AuxFunctions
438;__Packages.caurina.transitions.PropertyInfoObj
439;__Packages.caurina.transitions.SpecialPropertySplitter
440;__Packages.caurina.transitions.Equations
441;__Packages.caurina.transitions.SpecialProperty
442;__Packages.caurina.transitions.SpecialPropertyModifier
443;__Packages.mx.events.EventDispatcher
444;__Packages.com.poptropica.models.PopModelConst
445;__Packages.com.poptropica.models.vo.PoptropicaUserVO
446;__Packages.com.poptropica.util.ScenePhotoManager
447;__Packages.com.greensock.plugins.TweenPlugin
448;__Packages.com.greensock.core.TweenCore
449;__Packages.com.greensock.core.SimpleTimeline
450;__Packages.com.greensock.TweenLite
451;__Packages.com.greensock.core.PropTween
452;__Packages.com.greensock.plugins.FilterPlugin
453;__Packages.com.greensock.plugins.HexColorsPlugin
454;__Packages.com.greensock.plugins.GlowFilterPlugin
455;__Packages.com.greensock.plugins.FramePlugin
456;__Packages.JSON
457;__Packages.com.poptropica.util.Observable
458;__Packages.com.poptropica.util.Observer
459;__Packages.com.poptropica.sections.SectionStatus
460;__Packages.com.poptropica.models.PopModel
461;__Packages.com.poptropica.models.vo.dailyPopVO.ComicHomePageVO
462;__Packages.com.poptropica.models.vo.dailyPopVO.GameIndexPageVO
463;__Packages.com.poptropica.models.vo.dailyPopVO.ChallengesVO
464;__Packages.com.poptropica.models.vo.supportClasses.VOBase
465;__Packages.com.poptropica.util.Debug
466;__Packages.com.poptropica.models.vo.dailyPopVO.challenges.QuizeTypesCollectionVO
467;__Packages.com.poptropica.models.vo.dailyPopVO.challenges.QuizeTypeVO
468;__Packages.com.poptropica.models.vo.dailyPopVO.challenges.QuizesCollectionHolder
469;__Packages.com.poptropica.models.vo.dailyPopVO.challenges.QuizesCollectionVO
470;__Packages.com.poptropica.models.vo.dailyPopVO.challenges.QuizeCollectionVOParser
471;__Packages.com.poptropica.models.vo.dailyPopVO.challenges.QuizeVO
472;__Packages.com.poptropica.models.vo.dailyPopVO.challenges.QuizesResultCollectionVOParser
473;__Packages.com.poptropica.models.vo.dailyPopVO.challenges.QuizeResultVO
474;__Packages.com.poptropica.models.vo.dailyPopVO.challenges.ChallengeOfTheDayVO
475;__Packages.com.poptropica.models.vo.dailyPopVO.challenges.UserChallengesResultVO
476;__Packages.com.poptropica.models.vo.ComicViewerVO
477;__Packages.com.poptropica.models.vo.profile.StatusVO
478;__Packages.com.poptropica.models.vo.profile.StatusItemVO
479;__Packages.com.poptropica.models.vo.profile.PrivacyVO
480;__Packages.com.poptropica.models.vo.profile.PrivacyItemVO
481;__Packages.com.poptropica.models.vo.badges.AlbumsVO
482;__Packages.com.poptropica.models.vo.badges.AlbumsItemVO
483;__Packages.com.poptropica.models.vo.badges.AlbumPageVO
484;__Packages.com.poptropica.models.vo.badges.SetsVO
485;__Packages.com.poptropica.models.vo.badges.BadgeVO
486;__Packages.com.poptropica.models.vo.badges.BadgeSetVO
487;__Packages.com.poptropica.models.PopAppStates
488;__Packages.com.poptropica.models.vo.dailyPopVO.GameDetailsVO
489;__Packages.com.poptropica.models.vo.dailyPopVO.HighscoreVO
490;__Packages.com.poptropica.models.PopUpdateInfo
491;__Packages.com.poptropica.models.PopUpdateNotificationTypes
492;__Packages.com.poptropica.models.vo.rating.RatingVO
493;__Packages.com.poptropica.models.vo.rating.RatingItemVO
494;__Packages.com.poptropica.models.LSOManager
495;__Packages.com.poptropica.models.vo.AdvertisementVO
496;__Packages.com.poptropica.models.AdCampaignType
497;__Packages.com.poptropica.util.FeedItemManager
498;__Packages.com.greensock.plugins.VisiblePlugin
499;__Packages.com.greensock.plugins.AutoAlphaPlugin
500;__Packages.com.greensock.plugins.EndArrayPlugin
501;__Packages.com.greensock.plugins.helpers.ArrayTweenInfo
502;__Packages.com.greensock.plugins.TintPlugin
503;__Packages.com.greensock.plugins.RemoveTintPlugin
504;__Packages.com.greensock.plugins.VolumePlugin
505;__Packages.com.greensock.plugins.BevelFilterPlugin
506;__Packages.com.greensock.plugins.BezierPlugin
507;__Packages.com.greensock.plugins.BezierThroughPlugin
508;__Packages.com.greensock.plugins.BlurFilterPlugin
509;__Packages.com.greensock.plugins.ColorMatrixFilterPlugin
510;__Packages.com.greensock.plugins.ColorTransformPlugin
511;__Packages.com.greensock.plugins.DropShadowFilterPlugin
512;__Packages.com.greensock.plugins.FrameLabelPlugin
513;__Packages.com.greensock.plugins.RoundPropsPlugin
514;__Packages.com.greensock.plugins.ShortRotationPlugin
515;__Packages.com.greensock.OverwriteManager
516;__Packages.com.greensock.TweenMax
517;__Packages.com.greensock.easing.Back
518;__Packages.com.greensock.easing.Strong
519;__Packages.LSOWarningManager
520;__Packages.com.poptropica.mvc.IView
521;__Packages.com.poptropica.mvc.IController
522;__Packages.com.poptropica.mvc.AbstractView
523;__Packages.com.poptropica.views.PointerView
524;__Packages.com.poptropica.util.EventDelegate
525;__Packages.com.poptropica.mvc.AbstractController
526;__Packages.com.poptropica.controllers.AdController
527;__Packages.com.poptropica.controllers.commands.CommandDispatcher
528;__Packages.com.poptropica.controllers.commands.GetAdCommand
529;__Packages.com.poptropica.controllers.events.CommandEvent
530;__Packages.utils.ArrayUtils
531;__Packages.com.poptropica.controllers.commands.GetLocalAdDataCommand
532;__Packages.com.poptropica.util.XmlLoader
533;__Packages.com.lifeztream.debug.FPS
534;__Packages.mx.transitions.OnEnterFrameBeacon
535;__Packages.mx.transitions.BroadcasterMX
536;__Packages.com.poptropica.util.PopUtils
537;__Packages.com.poptropica.util.PopCompanionProxy
538;__Packages.mx.utils.Delegate
539;__Packages.com.poptropica.sections.friendsHub.FriendsViewCounter
540;__Packages.ActivityTimer
541;__Packages.com.poptropica.util.StatusManager
542;__Packages.com.poptropica.controllers.PopController
543;__Packages.com.poptropica.controllers.commands.GetConfigXMLCommand
544;__Packages.com.poptropica.models.vo.IslandVO
545;__Packages.com.poptropica.controllers.commands.GetPrefixCommand
546;__Packages.com.poptropica.models.proxy.supportClasses.ProxyBase
547;__Packages.com.poptropica.models.proxy.profile.StatusProxy
548;__Packages.com.poptropica.models.proxy.profile.PrivacyProxy
549;__Packages.com.poptropica.models.proxy.badges.AlbumsProxy
550;__Packages.com.poptropica.models.proxy.badges.AlbumPageProxy
551;__Packages.com.poptropica.models.proxy.badges.BadgeSetProxy
552;__Packages.com.poptropica.models.proxy.dailyPop.MarkCreatorClipsViewed
553;__Packages.com.poptropica.models.proxy.dailyPop.GameDetailsProxy
554;__Packages.com.poptropica.models.proxy.dailyPop.GamesProxy
555;__Packages.com.poptropica.models.proxy.dailyPop.challenges.QuizeTypesProxy
556;__Packages.com.poptropica.models.proxy.dailyPop.challenges.ChallengeOfTheDayProxy
557;__Packages.com.poptropica.controllers.commands.dailyPop.challenges.GetQuizesCommand
558;__Packages.com.poptropica.models.proxy.dailyPop.challenges.GetQuizesProxy
559;__Packages.com.poptropica.models.proxy.dailyPop.challenges.QuizResultProxy
560;__Packages.com.poptropica.models.proxy.dailyPop.challenges.SubmitQuizProxy
561;__Packages.com.poptropica.controllers.commands.dailyPop.challenges.GetUCRCommand
562;__Packages.com.poptropica.models.proxy.dailyPop.challenges.GetUserChallengeResultProxy
563;__Packages.com.poptropica.models.proxy.dailyPop.challenges.SetUserChallengeResultProxy
564;__Packages.com.poptropica.models.proxy.rating.UserRatingProxy
565;__Packages.com.poptropica.models.proxy.rating.ItemsRatingsProxy
566;__Packages.com.poptropica.models.proxy.rating.UserRateItemProxy
567;__Packages.com.poptropica.util.DailyPopUtils
568;__Packages.com.poptropica.models.vo.dailyPopVO.ComicVO
569;__Packages.com.poptropica.models.vo.dailyPopVO.GameVO
570;__Packages.com.poptropica.models.vo.dailyPopVO.SneakPeeksVO
571;__Packages.com.poptropica.models.proxy.dailyPop.ComicsProxy
572;__Packages.com.poptropica.models.proxy.ComicStripsProxy
573;__Packages.com.poptropica.models.proxy.dailyPop.SneakPeeksProxy
574;__Packages.com.poptropica.models.proxy.dailyPop.GetCreatorClipsProxy
575;__Packages.com.poptropica.util.ComicViewerUtil
576;__Packages.com.poptropica.models.vo.ComicStripVO
577;__Packages.com.poptropica.controllers.commands.ExtractVariablesFromGameplayCommand
578;__Packages.com.poptropica.controllers.commands.RetrofittingWorkaroundsCommand
579;__Packages.com.poptropica.models.proxy.PromoCodeProxy
580;__Packages.com.poptropica.models.vo.PromoCodeResponseVO
581;__Packages.com.poptropica.util.HomeUtils
582;__Packages.com.poptropica.controllers.commands.TrackCommand
583;__Packages.com.poptropica.controllers.commands.PullVarsFromFrameworkCommand
584;__Packages.com.poptropica.controllers.commands.PassVarsToFrameworkCommand
585;__Packages.utils.ProxyUtils
586;__Packages.com.poptropica.views.GameplayView
587;__Packages.asLib.JSON
588;__Packages.com.poptropica.views.home.welcomeBack.SaveGamePopup
589;__Packages.com.poptropica.util.CursorViewChanger
590;__Packages.com.poptropica.sections.friendsHub.FriendsModel
591;__Packages.utils.ImageUtils
592;__Packages.com.greensock.easing.Linear
593;__Packages.multiplayer.MultiUserObjectManager
594;__Packages.GroupManager
595;__Packages.utils.Logger
596;__Packages.multiplayer.MultiUserObject
597;__Packages.multiplayer.MultiUserObjectType
598;__Packages.multiplayer.FortuneCookie
599;__Packages.multiplayer.PrankCan
