2;_char
4;Particle
7;Flame
465;__Packages.utils.Utils
466;__Packages.Delegate
467;__Packages.caurina.transitions.Tweener
468;__Packages.caurina.transitions.TweenListObj
469;__Packages.caurina.transitions.AuxFunctions
470;__Packages.caurina.transitions.PropertyInfoObj
471;__Packages.caurina.transitions.SpecialPropertySplitter
472;__Packages.caurina.transitions.Equations
473;__Packages.caurina.transitions.SpecialProperty
474;__Packages.caurina.transitions.SpecialPropertyModifier
475;__Packages.mx.events.EventDispatcher
476;__Packages.fx.Asteroids
477;__Packages.fx.FullScreen
478;__Packages.mx.utils.Delegate
479;__Packages.com.poptropica.util.Observable
480;__Packages.com.poptropica.util.Observer
481;__Packages.com.poptropica.sections.SectionStatus
482;__Packages.com.poptropica.models.PopModel
483;__Packages.com.poptropica.models.vo.dailyPopVO.ComicHomePageVO
484;__Packages.com.poptropica.models.vo.dailyPopVO.GameIndexPageVO
485;__Packages.com.poptropica.models.vo.dailyPopVO.ChallengesVO
486;__Packages.com.poptropica.models.vo.supportClasses.VOBase
487;__Packages.JSON
488;__Packages.com.poptropica.util.Debug
489;__Packages.com.poptropica.models.vo.dailyPopVO.challenges.QuizeTypesCollectionVO
490;__Packages.com.poptropica.models.vo.dailyPopVO.challenges.QuizeTypeVO
491;__Packages.com.poptropica.models.vo.dailyPopVO.challenges.QuizesCollectionHolder
492;__Packages.com.poptropica.models.vo.dailyPopVO.challenges.QuizesCollectionVO
493;__Packages.com.poptropica.models.vo.dailyPopVO.challenges.QuizeCollectionVOParser
494;__Packages.com.poptropica.models.vo.dailyPopVO.challenges.QuizeVO
495;__Packages.com.poptropica.models.vo.dailyPopVO.challenges.QuizesResultCollectionVOParser
496;__Packages.com.poptropica.models.vo.dailyPopVO.challenges.QuizeResultVO
497;__Packages.com.poptropica.models.vo.dailyPopVO.challenges.ChallengeOfTheDayVO
498;__Packages.com.poptropica.models.vo.dailyPopVO.challenges.UserChallengesResultVO
499;__Packages.com.poptropica.models.vo.ComicViewerVO
500;__Packages.com.poptropica.models.vo.profile.StatusVO
501;__Packages.com.poptropica.models.vo.profile.StatusItemVO
502;__Packages.com.poptropica.models.vo.profile.PrivacyVO
503;__Packages.com.poptropica.models.vo.profile.PrivacyItemVO
504;__Packages.com.poptropica.models.vo.badges.AlbumsVO
505;__Packages.com.poptropica.models.vo.badges.AlbumsItemVO
506;__Packages.com.poptropica.models.vo.badges.AlbumPageVO
507;__Packages.com.poptropica.models.vo.badges.SetsVO
508;__Packages.com.poptropica.models.vo.badges.BadgeVO
509;__Packages.com.poptropica.models.vo.badges.BadgeSetVO
510;__Packages.com.poptropica.models.PopModelConst
511;__Packages.com.poptropica.models.vo.PoptropicaUserVO
512;__Packages.com.poptropica.models.PopAppStates
513;__Packages.com.poptropica.models.vo.dailyPopVO.GameDetailsVO
514;__Packages.com.poptropica.models.vo.dailyPopVO.HighscoreVO
515;__Packages.com.poptropica.models.PopUpdateInfo
516;__Packages.com.poptropica.models.PopUpdateNotificationTypes
517;__Packages.com.poptropica.models.vo.rating.RatingVO
518;__Packages.com.poptropica.models.vo.rating.RatingItemVO
519;__Packages.com.poptropica.models.LSOManager
520;__Packages.com.poptropica.models.vo.AdvertisementVO
521;__Packages.com.poptropica.models.AdCampaignType
522;__Packages.com.poptropica.util.StatusManager
523;__Packages.com.poptropica.mvc.IView
524;__Packages.com.poptropica.mvc.IController
525;__Packages.com.poptropica.mvc.AbstractView
526;__Packages.com.poptropica.views.PointerView
527;__Packages.com.poptropica.util.EventDelegate
528;__Packages.com.poptropica.mvc.AbstractController
529;__Packages.com.poptropica.controllers.PopController
530;__Packages.com.poptropica.controllers.commands.CommandDispatcher
531;__Packages.com.poptropica.controllers.commands.GetConfigXMLCommand
532;__Packages.com.poptropica.util.PopUtils
533;__Packages.com.poptropica.models.vo.IslandVO
534;__Packages.com.poptropica.controllers.events.CommandEvent
535;__Packages.com.poptropica.controllers.commands.GetPrefixCommand
536;__Packages.com.poptropica.models.proxy.supportClasses.ProxyBase
537;__Packages.com.poptropica.models.proxy.profile.StatusProxy
538;__Packages.com.poptropica.models.proxy.profile.PrivacyProxy
539;__Packages.com.poptropica.models.proxy.badges.AlbumsProxy
540;__Packages.com.poptropica.models.proxy.badges.AlbumPageProxy
541;__Packages.com.poptropica.models.proxy.badges.BadgeSetProxy
542;__Packages.com.poptropica.models.proxy.dailyPop.MarkCreatorClipsViewed
543;__Packages.com.poptropica.models.proxy.dailyPop.GameDetailsProxy
544;__Packages.com.poptropica.models.proxy.dailyPop.GamesProxy
545;__Packages.com.poptropica.models.proxy.dailyPop.challenges.QuizeTypesProxy
546;__Packages.com.poptropica.models.proxy.dailyPop.challenges.ChallengeOfTheDayProxy
547;__Packages.com.poptropica.controllers.commands.dailyPop.challenges.GetQuizesCommand
548;__Packages.com.poptropica.models.proxy.dailyPop.challenges.GetQuizesProxy
549;__Packages.com.poptropica.models.proxy.dailyPop.challenges.QuizResultProxy
550;__Packages.com.poptropica.models.proxy.dailyPop.challenges.SubmitQuizProxy
551;__Packages.com.poptropica.controllers.commands.dailyPop.challenges.GetUCRCommand
552;__Packages.com.poptropica.models.proxy.dailyPop.challenges.GetUserChallengeResultProxy
553;__Packages.com.poptropica.models.proxy.dailyPop.challenges.SetUserChallengeResultProxy
554;__Packages.com.poptropica.models.proxy.rating.UserRatingProxy
555;__Packages.com.poptropica.models.proxy.rating.ItemsRatingsProxy
556;__Packages.com.poptropica.models.proxy.rating.UserRateItemProxy
557;__Packages.com.poptropica.util.DailyPopUtils
558;__Packages.com.poptropica.models.vo.dailyPopVO.ComicVO
559;__Packages.com.poptropica.models.vo.dailyPopVO.GameVO
560;__Packages.com.poptropica.models.vo.dailyPopVO.SneakPeeksVO
561;__Packages.com.poptropica.models.proxy.dailyPop.ComicsProxy
562;__Packages.com.poptropica.models.proxy.ComicStripsProxy
563;__Packages.com.poptropica.models.proxy.dailyPop.SneakPeeksProxy
564;__Packages.com.poptropica.models.proxy.dailyPop.GetCreatorClipsProxy
565;__Packages.com.poptropica.util.ComicViewerUtil
566;__Packages.com.poptropica.models.vo.ComicStripVO
567;__Packages.com.poptropica.controllers.commands.ExtractVariablesFromGameplayCommand
568;__Packages.com.poptropica.controllers.commands.RetrofittingWorkaroundsCommand
569;__Packages.com.poptropica.controllers.AdController
570;__Packages.com.poptropica.controllers.commands.GetAdCommand
571;__Packages.utils.ArrayUtils
572;__Packages.com.poptropica.controllers.commands.GetLocalAdDataCommand
573;__Packages.com.poptropica.util.XmlLoader
574;__Packages.com.poptropica.models.proxy.PromoCodeProxy
575;__Packages.com.poptropica.models.vo.PromoCodeResponseVO
576;__Packages.com.poptropica.util.HomeUtils
577;__Packages.com.poptropica.controllers.commands.TrackCommand
578;__Packages.com.poptropica.controllers.commands.PullVarsFromFrameworkCommand
579;__Packages.com.poptropica.controllers.commands.PassVarsToFrameworkCommand
580;__Packages.fx.Lightning
581;__Packages.fx.Snow
582;__Packages.caurina.transitions.properties.FilterShortcuts
583;__Packages.com.poptropica.util.ScenePhotoManager
584;__Packages.com.greensock.plugins.TweenPlugin
585;__Packages.com.greensock.core.TweenCore
586;__Packages.com.greensock.core.SimpleTimeline
587;__Packages.com.greensock.TweenLite
588;__Packages.com.greensock.core.PropTween
589;__Packages.com.greensock.plugins.FilterPlugin
590;__Packages.com.greensock.plugins.HexColorsPlugin
591;__Packages.com.greensock.plugins.GlowFilterPlugin
592;__Packages.com.greensock.plugins.FramePlugin
593;__Packages.com.poptropica.util.FeedItemManager
594;__Packages.com.greensock.plugins.VisiblePlugin
595;__Packages.com.greensock.plugins.AutoAlphaPlugin
596;__Packages.com.greensock.plugins.EndArrayPlugin
597;__Packages.com.greensock.plugins.helpers.ArrayTweenInfo
598;__Packages.com.greensock.plugins.TintPlugin
599;__Packages.com.greensock.plugins.RemoveTintPlugin
600;__Packages.com.greensock.plugins.VolumePlugin
601;__Packages.com.greensock.plugins.BevelFilterPlugin
602;__Packages.com.greensock.plugins.BezierPlugin
603;__Packages.com.greensock.plugins.BezierThroughPlugin
604;__Packages.com.greensock.plugins.BlurFilterPlugin
605;__Packages.com.greensock.plugins.ColorMatrixFilterPlugin
606;__Packages.com.greensock.plugins.ColorTransformPlugin
607;__Packages.com.greensock.plugins.DropShadowFilterPlugin
608;__Packages.com.greensock.plugins.FrameLabelPlugin
609;__Packages.com.greensock.plugins.RoundPropsPlugin
610;__Packages.com.greensock.plugins.ShortRotationPlugin
611;__Packages.com.greensock.OverwriteManager
612;__Packages.com.greensock.TweenMax
613;__Packages.com.greensock.easing.Back
614;__Packages.com.greensock.easing.Strong
615;__Packages.LSOWarningManager
616;__Packages.asLib.JSON
