2;Particle
29;__Packages.utils.Utils
30;__Packages.Delegate
31;__Packages.caurina.transitions.Tweener
32;__Packages.caurina.transitions.TweenListObj
33;__Packages.caurina.transitions.AuxFunctions
34;__Packages.caurina.transitions.PropertyInfoObj
35;__Packages.caurina.transitions.SpecialPropertySplitter
36;__Packages.caurina.transitions.Equations
37;__Packages.caurina.transitions.SpecialProperty
38;__Packages.caurina.transitions.SpecialPropertyModifier
39;__Packages.mx.events.EventDispatcher
40;__Packages.fx.Asteroids
41;__Packages.fx.FullScreen
42;__Packages.mx.utils.Delegate
43;__Packages.com.poptropica.util.Observable
44;__Packages.com.poptropica.util.Observer
45;__Packages.com.poptropica.sections.SectionStatus
46;__Packages.com.poptropica.models.PopModel
47;__Packages.com.poptropica.models.vo.dailyPopVO.ComicHomePageVO
48;__Packages.com.poptropica.models.vo.dailyPopVO.GameIndexPageVO
49;__Packages.com.poptropica.models.vo.dailyPopVO.ChallengesVO
50;__Packages.com.poptropica.models.vo.supportClasses.VOBase
51;__Packages.JSON
52;__Packages.com.poptropica.util.Debug
53;__Packages.com.poptropica.models.vo.dailyPopVO.challenges.QuizeTypesCollectionVO
54;__Packages.com.poptropica.models.vo.dailyPopVO.challenges.QuizeTypeVO
55;__Packages.com.poptropica.models.vo.dailyPopVO.challenges.QuizesCollectionHolder
56;__Packages.com.poptropica.models.vo.dailyPopVO.challenges.QuizesCollectionVO
57;__Packages.com.poptropica.models.vo.dailyPopVO.challenges.QuizeCollectionVOParser
58;__Packages.com.poptropica.models.vo.dailyPopVO.challenges.QuizeVO
59;__Packages.com.poptropica.models.vo.dailyPopVO.challenges.QuizesResultCollectionVOParser
60;__Packages.com.poptropica.models.vo.dailyPopVO.challenges.QuizeResultVO
61;__Packages.com.poptropica.models.vo.dailyPopVO.challenges.ChallengeOfTheDayVO
62;__Packages.com.poptropica.models.vo.dailyPopVO.challenges.UserChallengesResultVO
63;__Packages.com.poptropica.models.vo.ComicViewerVO
64;__Packages.com.poptropica.models.vo.profile.StatusVO
65;__Packages.com.poptropica.models.vo.profile.StatusItemVO
66;__Packages.com.poptropica.models.vo.profile.PrivacyVO
67;__Packages.com.poptropica.models.vo.profile.PrivacyItemVO
68;__Packages.com.poptropica.models.vo.badges.AlbumsVO
69;__Packages.com.poptropica.models.vo.badges.AlbumsItemVO
70;__Packages.com.poptropica.models.vo.badges.AlbumPageVO
71;__Packages.com.poptropica.models.vo.badges.SetsVO
72;__Packages.com.poptropica.models.vo.badges.BadgeVO
73;__Packages.com.poptropica.models.vo.badges.BadgeSetVO
74;__Packages.com.poptropica.models.PopModelConst
75;__Packages.com.poptropica.models.vo.PoptropicaUserVO
76;__Packages.com.poptropica.models.PopAppStates
77;__Packages.com.poptropica.models.vo.dailyPopVO.GameDetailsVO
78;__Packages.com.poptropica.models.vo.dailyPopVO.HighscoreVO
79;__Packages.com.poptropica.models.PopUpdateInfo
80;__Packages.com.poptropica.models.PopUpdateNotificationTypes
81;__Packages.com.poptropica.models.vo.rating.RatingVO
82;__Packages.com.poptropica.models.vo.rating.RatingItemVO
83;__Packages.com.poptropica.models.LSOManager
84;__Packages.com.poptropica.models.vo.AdvertisementVO
85;__Packages.com.poptropica.models.AdCampaignType
86;__Packages.com.poptropica.util.StatusManager
87;__Packages.com.poptropica.mvc.IView
88;__Packages.com.poptropica.mvc.IController
89;__Packages.com.poptropica.mvc.AbstractView
90;__Packages.com.poptropica.views.PointerView
91;__Packages.com.poptropica.util.EventDelegate
92;__Packages.com.poptropica.mvc.AbstractController
93;__Packages.com.poptropica.controllers.PopController
94;__Packages.com.poptropica.controllers.commands.CommandDispatcher
95;__Packages.com.poptropica.controllers.commands.GetConfigXMLCommand
96;__Packages.com.poptropica.util.PopUtils
97;__Packages.com.poptropica.models.vo.IslandVO
98;__Packages.com.poptropica.controllers.events.CommandEvent
99;__Packages.com.poptropica.controllers.commands.GetPrefixCommand
100;__Packages.com.poptropica.models.proxy.supportClasses.ProxyBase
101;__Packages.com.poptropica.models.proxy.profile.StatusProxy
102;__Packages.com.poptropica.models.proxy.profile.PrivacyProxy
103;__Packages.com.poptropica.models.proxy.badges.AlbumsProxy
104;__Packages.com.poptropica.models.proxy.badges.AlbumPageProxy
105;__Packages.com.poptropica.models.proxy.badges.BadgeSetProxy
106;__Packages.com.poptropica.models.proxy.dailyPop.MarkCreatorClipsViewed
107;__Packages.com.poptropica.models.proxy.dailyPop.GameDetailsProxy
108;__Packages.com.poptropica.models.proxy.dailyPop.GamesProxy
109;__Packages.com.poptropica.models.proxy.dailyPop.challenges.QuizeTypesProxy
110;__Packages.com.poptropica.models.proxy.dailyPop.challenges.ChallengeOfTheDayProxy
111;__Packages.com.poptropica.controllers.commands.dailyPop.challenges.GetQuizesCommand
112;__Packages.com.poptropica.models.proxy.dailyPop.challenges.GetQuizesProxy
113;__Packages.com.poptropica.models.proxy.dailyPop.challenges.QuizResultProxy
114;__Packages.com.poptropica.models.proxy.dailyPop.challenges.SubmitQuizProxy
115;__Packages.com.poptropica.controllers.commands.dailyPop.challenges.GetUCRCommand
116;__Packages.com.poptropica.models.proxy.dailyPop.challenges.GetUserChallengeResultProxy
117;__Packages.com.poptropica.models.proxy.dailyPop.challenges.SetUserChallengeResultProxy
118;__Packages.com.poptropica.models.proxy.rating.UserRatingProxy
119;__Packages.com.poptropica.models.proxy.rating.ItemsRatingsProxy
120;__Packages.com.poptropica.models.proxy.rating.UserRateItemProxy
121;__Packages.com.poptropica.util.DailyPopUtils
122;__Packages.com.poptropica.models.vo.dailyPopVO.ComicVO
123;__Packages.com.poptropica.models.vo.dailyPopVO.GameVO
124;__Packages.com.poptropica.models.vo.dailyPopVO.SneakPeeksVO
125;__Packages.com.poptropica.models.proxy.dailyPop.ComicsProxy
126;__Packages.com.poptropica.models.proxy.ComicStripsProxy
127;__Packages.com.poptropica.models.proxy.dailyPop.SneakPeeksProxy
128;__Packages.com.poptropica.models.proxy.dailyPop.GetCreatorClipsProxy
129;__Packages.com.poptropica.util.ComicViewerUtil
130;__Packages.com.poptropica.models.vo.ComicStripVO
131;__Packages.com.poptropica.controllers.commands.ExtractVariablesFromGameplayCommand
132;__Packages.com.poptropica.controllers.commands.RetrofittingWorkaroundsCommand
133;__Packages.com.poptropica.controllers.AdController
134;__Packages.com.poptropica.controllers.commands.GetAdCommand
135;__Packages.utils.ArrayUtils
136;__Packages.com.poptropica.controllers.commands.GetLocalAdDataCommand
137;__Packages.com.poptropica.util.XmlLoader
138;__Packages.com.poptropica.models.proxy.PromoCodeProxy
139;__Packages.com.poptropica.models.vo.PromoCodeResponseVO
140;__Packages.com.poptropica.util.HomeUtils
141;__Packages.com.poptropica.controllers.commands.TrackCommand
142;__Packages.com.poptropica.controllers.commands.PullVarsFromFrameworkCommand
143;__Packages.com.poptropica.controllers.commands.PassVarsToFrameworkCommand
144;__Packages.fx.Lightning
145;__Packages.fx.Snow
146;__Packages.caurina.transitions.properties.FilterShortcuts
147;__Packages.com.poptropica.util.ScenePhotoManager
148;__Packages.com.greensock.plugins.TweenPlugin
149;__Packages.com.greensock.core.TweenCore
150;__Packages.com.greensock.core.SimpleTimeline
151;__Packages.com.greensock.TweenLite
152;__Packages.com.greensock.core.PropTween
153;__Packages.com.greensock.plugins.FilterPlugin
154;__Packages.com.greensock.plugins.HexColorsPlugin
155;__Packages.com.greensock.plugins.GlowFilterPlugin
156;__Packages.com.greensock.plugins.FramePlugin
157;__Packages.com.poptropica.util.FeedItemManager
158;__Packages.com.greensock.plugins.VisiblePlugin
159;__Packages.com.greensock.plugins.AutoAlphaPlugin
160;__Packages.com.greensock.plugins.EndArrayPlugin
161;__Packages.com.greensock.plugins.helpers.ArrayTweenInfo
162;__Packages.com.greensock.plugins.TintPlugin
163;__Packages.com.greensock.plugins.RemoveTintPlugin
164;__Packages.com.greensock.plugins.VolumePlugin
165;__Packages.com.greensock.plugins.BevelFilterPlugin
166;__Packages.com.greensock.plugins.BezierPlugin
167;__Packages.com.greensock.plugins.BezierThroughPlugin
168;__Packages.com.greensock.plugins.BlurFilterPlugin
169;__Packages.com.greensock.plugins.ColorMatrixFilterPlugin
170;__Packages.com.greensock.plugins.ColorTransformPlugin
171;__Packages.com.greensock.plugins.DropShadowFilterPlugin
172;__Packages.com.greensock.plugins.FrameLabelPlugin
173;__Packages.com.greensock.plugins.RoundPropsPlugin
174;__Packages.com.greensock.plugins.ShortRotationPlugin
175;__Packages.com.greensock.OverwriteManager
176;__Packages.com.greensock.TweenMax
177;__Packages.com.greensock.easing.Back
178;__Packages.com.greensock.easing.Strong
179;__Packages.LSOWarningManager
180;__Packages.asLib.JSON
