46;LoadBar
64;CharHolder
144;LibWelcomeBack
151;surveyPopup
168;mcWelcomeBackPopup
172;mcPromoControlItem
173;LibSubNav
361;specialPromoPanel
405;LibProfile
406;setsViewer_mc
407;badgesViewer_mc
413;badgesSetDetails_mc
414;badgesSet_mc
417;ribbon_mc
420;badgeBox_mc
421;privacySettings_mc
423;radioBtn_mc
460;medallion_mc
462;listBg_mc
465;mc_item
478;LibPromoErrorWindow
479;__Packages.com.poptropica.sections.AbstractSection
480;__Packages.com.poptropica.util.Debug
481;__Packages.com.poptropica.util.EventDelegate
482;__Packages.com.poptropica.sections.Home
483;__Packages.com.poptropica.util.Observable
484;__Packages.com.poptropica.util.Observer
485;__Packages.com.poptropica.sections.SectionStatus
486;__Packages.com.poptropica.models.PopModel
487;__Packages.com.poptropica.models.vo.dailyPopVO.ComicHomePageVO
488;__Packages.com.poptropica.models.vo.dailyPopVO.GameIndexPageVO
489;__Packages.com.poptropica.models.vo.dailyPopVO.ChallengesVO
490;__Packages.com.poptropica.models.vo.supportClasses.VOBase
491;__Packages.JSON
492;__Packages.com.poptropica.models.vo.dailyPopVO.challenges.QuizeTypesCollectionVO
493;__Packages.com.poptropica.models.vo.dailyPopVO.challenges.QuizeTypeVO
494;__Packages.com.poptropica.models.vo.dailyPopVO.challenges.QuizesCollectionHolder
495;__Packages.com.poptropica.models.vo.dailyPopVO.challenges.QuizesCollectionVO
496;__Packages.com.poptropica.models.vo.dailyPopVO.challenges.QuizeCollectionVOParser
497;__Packages.com.poptropica.models.vo.dailyPopVO.challenges.QuizeVO
498;__Packages.com.poptropica.models.vo.dailyPopVO.challenges.QuizesResultCollectionVOParser
499;__Packages.com.poptropica.models.vo.dailyPopVO.challenges.QuizeResultVO
500;__Packages.com.poptropica.models.vo.dailyPopVO.challenges.ChallengeOfTheDayVO
501;__Packages.com.poptropica.models.vo.dailyPopVO.challenges.UserChallengesResultVO
502;__Packages.com.poptropica.models.vo.ComicViewerVO
503;__Packages.com.poptropica.models.vo.profile.StatusVO
504;__Packages.com.poptropica.models.vo.profile.StatusItemVO
505;__Packages.com.poptropica.models.vo.profile.PrivacyVO
506;__Packages.com.poptropica.models.vo.profile.PrivacyItemVO
507;__Packages.com.poptropica.models.vo.badges.AlbumsVO
508;__Packages.com.poptropica.models.vo.badges.AlbumsItemVO
509;__Packages.com.poptropica.models.vo.badges.AlbumPageVO
510;__Packages.com.poptropica.models.vo.badges.SetsVO
511;__Packages.com.poptropica.models.vo.badges.BadgeVO
512;__Packages.com.poptropica.models.vo.badges.BadgeSetVO
513;__Packages.com.poptropica.models.PopModelConst
514;__Packages.com.poptropica.models.vo.PoptropicaUserVO
515;__Packages.com.poptropica.models.PopAppStates
516;__Packages.com.poptropica.models.vo.dailyPopVO.GameDetailsVO
517;__Packages.com.poptropica.models.vo.dailyPopVO.HighscoreVO
518;__Packages.com.poptropica.models.PopUpdateInfo
519;__Packages.com.poptropica.models.PopUpdateNotificationTypes
520;__Packages.com.poptropica.models.vo.rating.RatingVO
521;__Packages.com.poptropica.models.vo.rating.RatingItemVO
522;__Packages.com.poptropica.models.LSOManager
523;__Packages.utils.Utils
524;__Packages.Delegate
525;__Packages.caurina.transitions.Tweener
526;__Packages.caurina.transitions.TweenListObj
527;__Packages.caurina.transitions.AuxFunctions
528;__Packages.caurina.transitions.PropertyInfoObj
529;__Packages.caurina.transitions.SpecialPropertySplitter
530;__Packages.caurina.transitions.Equations
531;__Packages.caurina.transitions.SpecialProperty
532;__Packages.caurina.transitions.SpecialPropertyModifier
533;__Packages.mx.events.EventDispatcher
534;__Packages.com.poptropica.models.vo.AdvertisementVO
535;__Packages.com.poptropica.models.AdCampaignType
536;__Packages.com.poptropica.mvc.IController
537;__Packages.com.poptropica.mvc.IView
538;__Packages.com.poptropica.mvc.AbstractController
539;__Packages.com.poptropica.controllers.PopController
540;__Packages.com.poptropica.controllers.commands.CommandDispatcher
541;__Packages.com.poptropica.controllers.commands.GetConfigXMLCommand
542;__Packages.com.poptropica.util.PopUtils
543;__Packages.com.poptropica.models.vo.IslandVO
544;__Packages.com.poptropica.controllers.events.CommandEvent
545;__Packages.com.poptropica.controllers.commands.GetPrefixCommand
546;__Packages.com.poptropica.models.proxy.supportClasses.ProxyBase
547;__Packages.com.poptropica.models.proxy.profile.StatusProxy
548;__Packages.com.poptropica.models.proxy.profile.PrivacyProxy
549;__Packages.com.poptropica.models.proxy.badges.AlbumsProxy
550;__Packages.com.poptropica.models.proxy.badges.AlbumPageProxy
551;__Packages.com.poptropica.models.proxy.badges.BadgeSetProxy
552;__Packages.com.poptropica.models.proxy.dailyPop.MarkCreatorClipsViewed
553;__Packages.com.poptropica.models.proxy.dailyPop.GameDetailsProxy
554;__Packages.com.poptropica.models.proxy.dailyPop.GamesProxy
555;__Packages.com.poptropica.models.proxy.dailyPop.challenges.QuizeTypesProxy
556;__Packages.com.poptropica.models.proxy.dailyPop.challenges.ChallengeOfTheDayProxy
557;__Packages.com.poptropica.controllers.commands.dailyPop.challenges.GetQuizesCommand
558;__Packages.com.poptropica.models.proxy.dailyPop.challenges.GetQuizesProxy
559;__Packages.com.poptropica.models.proxy.dailyPop.challenges.QuizResultProxy
560;__Packages.com.poptropica.models.proxy.dailyPop.challenges.SubmitQuizProxy
561;__Packages.com.poptropica.controllers.commands.dailyPop.challenges.GetUCRCommand
562;__Packages.com.poptropica.models.proxy.dailyPop.challenges.GetUserChallengeResultProxy
563;__Packages.com.poptropica.models.proxy.dailyPop.challenges.SetUserChallengeResultProxy
564;__Packages.com.poptropica.models.proxy.rating.UserRatingProxy
565;__Packages.com.poptropica.models.proxy.rating.ItemsRatingsProxy
566;__Packages.com.poptropica.models.proxy.rating.UserRateItemProxy
567;__Packages.com.poptropica.util.DailyPopUtils
568;__Packages.com.poptropica.models.vo.dailyPopVO.ComicVO
569;__Packages.com.poptropica.models.vo.dailyPopVO.GameVO
570;__Packages.com.poptropica.models.vo.dailyPopVO.SneakPeeksVO
571;__Packages.com.poptropica.models.proxy.dailyPop.ComicsProxy
572;__Packages.com.poptropica.models.proxy.ComicStripsProxy
573;__Packages.com.poptropica.models.proxy.dailyPop.SneakPeeksProxy
574;__Packages.com.poptropica.models.proxy.dailyPop.GetCreatorClipsProxy
575;__Packages.com.poptropica.util.ComicViewerUtil
576;__Packages.com.poptropica.models.vo.ComicStripVO
577;__Packages.com.poptropica.controllers.commands.ExtractVariablesFromGameplayCommand
578;__Packages.com.poptropica.controllers.commands.RetrofittingWorkaroundsCommand
579;__Packages.com.poptropica.controllers.AdController
580;__Packages.com.poptropica.controllers.commands.GetAdCommand
581;__Packages.utils.ArrayUtils
582;__Packages.com.poptropica.controllers.commands.GetLocalAdDataCommand
583;__Packages.com.poptropica.util.XmlLoader
584;__Packages.com.poptropica.models.proxy.PromoCodeProxy
585;__Packages.com.poptropica.models.vo.PromoCodeResponseVO
586;__Packages.com.poptropica.util.HomeUtils
587;__Packages.com.poptropica.controllers.commands.TrackCommand
588;__Packages.com.poptropica.mvc.AbstractView
589;__Packages.com.poptropica.views.PointerView
590;__Packages.com.poptropica.controllers.commands.PullVarsFromFrameworkCommand
591;__Packages.com.poptropica.controllers.commands.PassVarsToFrameworkCommand
592;__Packages.com.poptropica.views.HomeView
593;__Packages.com.poptropica.views.home.WelcomeBackView
594;__Packages.com.poptropica.views.home.welcomeBack.SaveGamePopup
595;__Packages.com.poptropica.util.CursorViewChanger
596;__Packages.com.poptropica.components.tab.TabController
597;__Packages.com.poptropica.views.home.welcomeBack.ErrorWindow
598;__Packages.com.greensock.core.TweenCore
599;__Packages.com.greensock.core.SimpleTimeline
600;__Packages.com.greensock.TweenLite
601;__Packages.com.greensock.core.PropTween
602;__Packages.com.poptropica.components.tab.TabBase
603;__Packages.com.poptropica.views.home.welcomeBack.QuizTab
604;__Packages.com.poptropica.sections.quidget.PopQuiz
605;__Packages.com.poptropica.sections.quidget.PopQuizModel
606;__Packages.com.realeyes.util.xml.TranslateXMLtoObj
607;__Packages.com.poptropica.sections.friendsHub.FriendsModel
608;__Packages.com.greensock.plugins.TweenPlugin
609;__Packages.com.greensock.plugins.VisiblePlugin
610;__Packages.com.greensock.plugins.AutoAlphaPlugin
611;__Packages.com.greensock.plugins.EndArrayPlugin
612;__Packages.com.greensock.plugins.helpers.ArrayTweenInfo
613;__Packages.com.greensock.plugins.FramePlugin
614;__Packages.com.greensock.plugins.TintPlugin
615;__Packages.com.greensock.plugins.RemoveTintPlugin
616;__Packages.com.greensock.plugins.VolumePlugin
617;__Packages.com.greensock.plugins.FilterPlugin
618;__Packages.com.greensock.plugins.HexColorsPlugin
619;__Packages.com.greensock.plugins.BevelFilterPlugin
620;__Packages.com.greensock.plugins.BezierPlugin
621;__Packages.com.greensock.plugins.BezierThroughPlugin
622;__Packages.com.greensock.plugins.BlurFilterPlugin
623;__Packages.com.greensock.plugins.ColorMatrixFilterPlugin
624;__Packages.com.greensock.plugins.ColorTransformPlugin
625;__Packages.com.greensock.plugins.DropShadowFilterPlugin
626;__Packages.com.greensock.plugins.FrameLabelPlugin
627;__Packages.com.greensock.plugins.GlowFilterPlugin
628;__Packages.com.greensock.plugins.RoundPropsPlugin
629;__Packages.com.greensock.plugins.ShortRotationPlugin
630;__Packages.com.greensock.OverwriteManager
631;__Packages.com.greensock.TweenMax
632;__Packages.com.greensock.easing.Sine
633;__Packages.com.poptropica.sections.quidget.PopupManager
634;__Packages.com.greensock.easing.Elastic
635;__Packages.com.greensock.easing.Back
636;__Packages.asLib.JSON
637;__Packages.com.poptropica.views.home.welcomeBack.FeedTab
638;__Packages.com.poptropica.controllers.commands.GetMemberSurveyXMLCommand
639;__Packages.com.poptropica.models.proxy.ProxyObject
640;__Packages.com.poptropica.views.home.welcomeBack.MemberSurvey
641;__Packages.com.poptropica.events.trackEvents.WelcomeEvent
642;__Packages.com.poptropica.util.loaders.SwfLoader
643;__Packages.com.poptropica.events.LoaderEvent
